{"cameraMode":{"drawMode":0,"name":"Shaded","section":"Shading Mode"},"sceneLighting":true,"audioPlay":false,"sceneViewState":{"m_AlwaysRefresh":false,"showFog":true,"showSkybox":true,"showFlares":true,"showImageEffects":true,"showParticleSystems":true,"showVisualEffectGraphs":true,"m_FxEnabled":true},"in2DMode":false,"pivot":{"x":0.978003978729248,"y":0.6328968405723572,"z":0.8915841579437256},"rotation":{"x":0.010196814313530922,"y":-0.7053489685058594,"z":0.01016430277377367,"w":0.7087392807006836},"size":0.5489811897277832,"orthographic":true}